"Hole Cards: ['7h', '8s'], Flop Cards: , Turn Card: , River Card:  Actions: :::","[0.0, 0.0, 1.0, 0.0, 0.0]"
"Hole Cards: ['6s', 'Ac'], Flop Cards: , Turn Card: , River Card:  Actions: 200:::","[0.25, 0.25, 0.25, 0.25]"
"Hole Cards: ['5c', '4h'], Flop Cards: , Turn Card: , River Card:  Actions: :::","[0.2, 0.2, 0.2, 0.2, 0.2]"
"Hole Cards: ['Qh', '7s'], Flop Cards: , Turn Card: , River Card:  Actions: :::","[0.0, 1.0, 0.0, 0.0, 0.0]"
"Hole Cards: ['Qh', '7s'], Flop Cards: ['Th', '5d', '6s'], Turn Card: , River Card:  Actions: 100:::","[1.0, 0.0, 0.0, 0.0]"
"Hole Cards: ['6d', '8c'], Flop Cards: ['Th', '5d', '6s'], Turn Card: , River Card:  Actions: 100:0::","[0.25, 0.25, 0.25, 0.25]"
"Hole Cards: ['Qh', '7s'], Flop Cards: ['Th', '5d', '6s'], Turn Card: 8d, River Card:  Actions: 100:0,0::","[0.0, 1.0, 0.0, 0.0]"
"Hole Cards: ['6d', '8c'], Flop Cards: ['Th', '5d', '6s'], Turn Card: 8d, River Card:  Actions: 100:0,0:100:","[0.25, 0.25, 0.25, 0.25]"
"Hole Cards: ['Qc', '3h'], Flop Cards: , Turn Card: , River Card:  Actions: :::","[0.2, 0.2, 0.2, 0.2, 0.2]"
"Hole Cards: ['Ad', 'Kc'], Flop Cards: , Turn Card: , River Card:  Actions: :::","[0.0, 1.0, 0.0, 0.0, 0.0]"
"Hole Cards: ['Ad', 'Kc'], Flop Cards: ['Kh', '7s', '7d'], Turn Card: , River Card:  Actions: 100:::","[1.0, 0.0, 0.0, 0.0]"
"Hole Cards: ['4s', '5d'], Flop Cards: ['Kh', '7s', '7d'], Turn Card: , River Card:  Actions: 100:0::","[0.25, 0.25, 0.25, 0.25]"
"Hole Cards: ['Ad', 'Kc'], Flop Cards: ['Kh', '7s', '7d'], Turn Card: 3c, River Card:  Actions: 100:0,0::","[0.0, 0.0, 0.0, 1.0]"
"Hole Cards: ['4s', '5d'], Flop Cards: ['Kh', '7s', '7d'], Turn Card: 3c, River Card:  Actions: 100:0,0:300:","[0.5, 0.5]"
"Hole Cards: ['Jh', 'Qh'], Flop Cards: , Turn Card: , River Card:  Actions: :::","[0.2, 0.2, 0.2, 0.2, 0.2]"
"Hole Cards: ['8h', '5s'], Flop Cards: , Turn Card: , River Card:  Actions: :::","[0.0, 0.0, 1.0, 0.0, 0.0]"
"Hole Cards: ['4d', '6c'], Flop Cards: , Turn Card: , River Card:  Actions: 200:::","[0.25, 0.25, 0.25, 0.25]"
"Hole Cards: ['2h', 'Kh'], Flop Cards: , Turn Card: , River Card:  Actions: :::","[0.2, 0.2, 0.2, 0.2, 0.2]"
"Hole Cards: ['3s', 'Kh'], Flop Cards: , Turn Card: , River Card:  Actions: :::","[1.0, 0.0, 0.0, 0.0, 0.0]"
"Hole Cards: ['2d', '9c'], Flop Cards: , Turn Card: , River Card:  Actions: :::","[0.2, 0.2, 0.2, 0.2, 0.2]"
"Hole Cards: ['Ac', 'Tc'], Flop Cards: , Turn Card: , River Card:  Actions: :::","[0.0, 0.0, 1.0, 0.0, 0.0]"
"Hole Cards: ['8c', '6d'], Flop Cards: , Turn Card: , River Card:  Actions: 200:::","[0.25, 0.25, 0.25, 0.25]"
"Hole Cards: ['Qc', 'Th'], Flop Cards: , Turn Card: , River Card:  Actions: :::","[0.2, 0.2, 0.2, 0.2, 0.2]"
"Hole Cards: ['2h', 'Tc'], Flop Cards: , Turn Card: , River Card:  Actions: :::","[0.0, 0.0, 1.0, 0.0, 0.0]"
"Hole Cards: ['3c', '4s'], Flop Cards: , Turn Card: , River Card:  Actions: 200:::","[0.25, 0.25, 0.25, 0.25]"
"Hole Cards: ['2s', 'Kd'], Flop Cards: , Turn Card: , River Card:  Actions: :::","[0.2, 0.2, 0.2, 0.2, 0.2]"
"Hole Cards: ['Ad', '2c'], Flop Cards: , Turn Card: , River Card:  Actions: :::","[0.0, 1.0, 0.0, 0.0, 0.0]"
"Hole Cards: ['Ad', '2c'], Flop Cards: ['Qc', '4c', 'Jc'], Turn Card: , River Card:  Actions: 100:::","[0.0, 0.0, 0.0, 1.0]"
"Hole Cards: ['Ts', '5s'], Flop Cards: ['Qc', '4c', 'Jc'], Turn Card: , River Card:  Actions: 100:300::","[0.5, 0.5]"
"Hole Cards: ['4h', 'Js'], Flop Cards: , Turn Card: , River Card:  Actions: :::","[0.2, 0.2, 0.2, 0.2, 0.2]"
"Hole Cards: ['9h', 'Kc'], Flop Cards: , Turn Card: , River Card:  Actions: :::","[0.0, 1.0, 0.0, 0.0, 0.0]"
"Hole Cards: ['9h', 'Kc'], Flop Cards: ['3h', '4s', 'Th'], Turn Card: , River Card:  Actions: 100:::","[0.0, 0.0, 0.0, 1.0]"
"Hole Cards: ['Qs', '3d'], Flop Cards: ['3h', '4s', 'Th'], Turn Card: , River Card:  Actions: 100:300::","[0.5, 0.5]"
"Hole Cards: ['6s', 'Qc'], Flop Cards: , Turn Card: , River Card:  Actions: :::","[0.2, 0.2, 0.2, 0.2, 0.2]"
"Hole Cards: ['Ad', '5d'], Flop Cards: , Turn Card: , River Card:  Actions: :::","[0.0, 0.0, 1.0, 0.0, 0.0]"
"Hole Cards: ['7s', '2s'], Flop Cards: , Turn Card: , River Card:  Actions: 200:::","[0.25, 0.25, 0.25, 0.25]"
"Hole Cards: ['7d', 'Jh'], Flop Cards: , Turn Card: , River Card:  Actions: :::","[0.2, 0.2, 0.2, 0.2, 0.2]"
"Hole Cards: ['2d', '7s'], Flop Cards: , Turn Card: , River Card:  Actions: :::","[0.0, 0.0, 1.0, 0.0, 0.0]"
"Hole Cards: ['Js', '6c'], Flop Cards: , Turn Card: , River Card:  Actions: 200:::","[0.25, 0.25, 0.25, 0.25]"
"Hole Cards: ['Js', '3c'], Flop Cards: , Turn Card: , River Card:  Actions: :::","[0.2, 0.2, 0.2, 0.2, 0.2]"
"Hole Cards: ['Kc', 'Qd'], Flop Cards: , Turn Card: , River Card:  Actions: :::","[0.0, 0.0, 0.0, 1.0, 0.0]"
"Hole Cards: ['3c', 'Ks'], Flop Cards: , Turn Card: , River Card:  Actions: 300:::","[0.3333333333333333, 0.3333333333333333, 0.3333333333333333]"
"Hole Cards: ['8h', '3c'], Flop Cards: , Turn Card: , River Card:  Actions: :::","[0.2, 0.2, 0.2, 0.2, 0.2]"
"Hole Cards: ['7s', '8c'], Flop Cards: , Turn Card: , River Card:  Actions: :::","[0.0, 0.0, 1.0, 0.0, 0.0]"
"Hole Cards: ['5c', '4d'], Flop Cards: , Turn Card: , River Card:  Actions: 200:::","[0.25, 0.25, 0.25, 0.25]"
"Hole Cards: ['7h', '8d'], Flop Cards: , Turn Card: , River Card:  Actions: :::","[1.0, 0.0, 0.0, 0.0, 0.0]"
"Hole Cards: ['8c', 'Ah'], Flop Cards: , Turn Card: , River Card:  Actions: :::","[0.0, 0.0, 1.0, 0.0, 0.0]"
"Hole Cards: ['Kd', '2s'], Flop Cards: , Turn Card: , River Card:  Actions: 200:::","[0.25, 0.25, 0.25, 0.25]"
"Hole Cards: ['5h', '7h'], Flop Cards: , Turn Card: , River Card:  Actions: :::","[0.0, 0.0, 1.0, 0.0, 0.0]"
"Hole Cards: ['Ac', 'Qs'], Flop Cards: , Turn Card: , River Card:  Actions: 200:::","[0.25, 0.25, 0.25, 0.25]"
"Hole Cards: ['Jh', 'Qd'], Flop Cards: , Turn Card: , River Card:  Actions: :::","[0.2, 0.2, 0.2, 0.2, 0.2]"
"Hole Cards: ['4s', 'Ts'], Flop Cards: , Turn Card: , River Card:  Actions: :::","[0.0, 0.0, 0.0, 1.0, 0.0]"
"Hole Cards: ['Jc', '3d'], Flop Cards: , Turn Card: , River Card:  Actions: 300:::","[0.3333333333333333, 0.3333333333333333, 0.3333333333333333]"
"Hole Cards: ['Th', '6d'], Flop Cards: , Turn Card: , River Card:  Actions: :::","[0.2, 0.2, 0.2, 0.2, 0.2]"
"Hole Cards: ['9d', 'As'], Flop Cards: , Turn Card: , River Card:  Actions: :::","[0.5, 0.0, 0.0, 0.0, 0.5]"
"Hole Cards: ['Jh', '5s'], Flop Cards: , Turn Card: , River Card:  Actions: 400:::","[0.5, 0.5]"
"Hole Cards: ['5c', '4c'], Flop Cards: , Turn Card: , River Card:  Actions: :::","[0.2, 0.2, 0.2, 0.2, 0.2]"
"Hole Cards: ['Js', '6s'], Flop Cards: , Turn Card: , River Card:  Actions: :::","[0.0, 0.0, 0.0, 1.0, 0.0]"
"Hole Cards: ['4d', '3h'], Flop Cards: , Turn Card: , River Card:  Actions: 300:::","[0.3333333333333333, 0.3333333333333333, 0.3333333333333333]"
"Hole Cards: ['Js', '4h'], Flop Cards: , Turn Card: , River Card:  Actions: :::","[0.2, 0.2, 0.2, 0.2, 0.2]"
"Hole Cards: ['6s', 'Jd'], Flop Cards: , Turn Card: , River Card:  Actions: :::","[0.0, 0.0, 0.0, 1.0, 0.0]"
"Hole Cards: ['2d', 'Qh'], Flop Cards: , Turn Card: , River Card:  Actions: 300:::","[0.3333333333333333, 0.3333333333333333, 0.3333333333333333]"
"Hole Cards: ['Ts', '7c'], Flop Cards: , Turn Card: , River Card:  Actions: :::","[0.2, 0.2, 0.2, 0.2, 0.2]"
"Hole Cards: ['2h', '8d'], Flop Cards: , Turn Card: , River Card:  Actions: :::","[0.0, 0.0, 0.0, 1.0, 0.0]"
"Hole Cards: ['Kd', '8s'], Flop Cards: , Turn Card: , River Card:  Actions: 300:::","[0.3333333333333333, 0.3333333333333333, 0.3333333333333333]"
"Hole Cards: ['Td', '6h'], Flop Cards: , Turn Card: , River Card:  Actions: :::","[0.2, 0.2, 0.2, 0.2, 0.2]"
"Hole Cards: ['Ah', '8c'], Flop Cards: , Turn Card: , River Card:  Actions: :::","[0.0, 0.0, 0.0, 1.0, 0.0]"
"Hole Cards: ['Ad', 'Qd'], Flop Cards: , Turn Card: , River Card:  Actions: 300:::","[0.3333333333333333, 0.3333333333333333, 0.3333333333333333]"
"Hole Cards: ['5c', '5s'], Flop Cards: , Turn Card: , River Card:  Actions: :::","[0.2, 0.2, 0.2, 0.2, 0.2]"
"Hole Cards: ['Td', '3c'], Flop Cards: , Turn Card: , River Card:  Actions: :::","[0.0, 0.0, 1.0, 0.0, 0.0]"
"Hole Cards: ['Kh', '8h'], Flop Cards: , Turn Card: , River Card:  Actions: 200:::","[0.25, 0.25, 0.25, 0.25]"
"Hole Cards: ['As', '4h'], Flop Cards: , Turn Card: , River Card:  Actions: :::","[0.2, 0.2, 0.2, 0.2, 0.2]"
"Hole Cards: ['5d', 'Qh'], Flop Cards: , Turn Card: , River Card:  Actions: :::","[0.0, 1.0, 0.0, 0.0, 0.0]"
"Hole Cards: ['5d', 'Qh'], Flop Cards: ['7s', '8d', '7d'], Turn Card: , River Card:  Actions: 100:::","[1.0, 0.0, 0.0, 0.0]"
"Hole Cards: ['9c', 'As'], Flop Cards: ['7s', '8d', '7d'], Turn Card: , River Card:  Actions: 100:0::","[0.25, 0.25, 0.25, 0.25]"
"Hole Cards: ['5d', 'Qh'], Flop Cards: ['7s', '8d', '7d'], Turn Card: 2s, River Card:  Actions: 100:0,0::","[0.0, 1.0, 0.0, 0.0]"
"Hole Cards: ['9c', 'As'], Flop Cards: ['7s', '8d', '7d'], Turn Card: 2s, River Card:  Actions: 100:0,0:100:","[0.25, 0.25, 0.25, 0.25]"
"Hole Cards: ['4s', '4c'], Flop Cards: , Turn Card: , River Card:  Actions: :::","[0.2, 0.2, 0.2, 0.2, 0.2]"
"Hole Cards: ['2c', 'Ks'], Flop Cards: , Turn Card: , River Card:  Actions: :::","[0.0, 1.0, 0.0, 0.0, 0.0]"
"Hole Cards: ['2c', 'Ks'], Flop Cards: ['8s', '3d', '9c'], Turn Card: , River Card:  Actions: 100:::","[1.0, 0.0, 0.0, 0.0]"
"Hole Cards: ['3h', '4s'], Flop Cards: ['8s', '3d', '9c'], Turn Card: , River Card:  Actions: 100:0::","[0.25, 0.25, 0.25, 0.25]"
"Hole Cards: ['2c', 'Ks'], Flop Cards: ['8s', '3d', '9c'], Turn Card: Kd, River Card:  Actions: 100:0,0::","[0.0, 0.0, 0.0, 1.0]"
"Hole Cards: ['3h', '4s'], Flop Cards: ['8s', '3d', '9c'], Turn Card: Kd, River Card:  Actions: 100:0,0:300:","[0.5, 0.5]"
"Hole Cards: ['Jh', '5s'], Flop Cards: , Turn Card: , River Card:  Actions: :::","[0.2, 0.2, 0.2, 0.2, 0.2]"
"Hole Cards: ['As', 'Kc'], Flop Cards: , Turn Card: , River Card:  Actions: :::","[0.0, 1.0, 0.0, 0.0, 0.0]"
"Hole Cards: ['As', 'Kc'], Flop Cards: ['6c', '7d', '8h'], Turn Card: , River Card:  Actions: 100:::","[0.0, 0.0, 1.0, 0.0]"
"Hole Cards: ['Js', '2c'], Flop Cards: ['6c', '7d', '8h'], Turn Card: , River Card:  Actions: 100:200::","[0.3333333333333333, 0.3333333333333333, 0.3333333333333333]"
"Hole Cards: ['4c', '5h'], Flop Cards: , Turn Card: , River Card:  Actions: :::","[0.2, 0.2, 0.2, 0.2, 0.2]"
"Hole Cards: ['8h', 'Th'], Flop Cards: , Turn Card: , River Card:  Actions: :::","[1.0, 0.0, 0.0, 0.0, 0.0]"
"Hole Cards: ['3c', '9s'], Flop Cards: , Turn Card: , River Card:  Actions: :::","[0.2, 0.2, 0.2, 0.2, 0.2]"
"Hole Cards: ['Ac', '3c'], Flop Cards: , Turn Card: , River Card:  Actions: :::","[0.0, 0.0, 0.0, 0.0, 1.0]"
"Hole Cards: ['5c', '9s'], Flop Cards: , Turn Card: , River Card:  Actions: 400:::","[0.5, 0.5]"
"Hole Cards: ['As', '9c'], Flop Cards: , Turn Card: , River Card:  Actions: :::","[0.2, 0.2, 0.2, 0.2, 0.2]"
"Hole Cards: ['9c', '8d'], Flop Cards: , Turn Card: , River Card:  Actions: :::","[0.0, 0.0, 0.0, 1.0, 0.0]"
"Hole Cards: ['5h', '6h'], Flop Cards: , Turn Card: , River Card:  Actions: 300:::","[0.3333333333333333, 0.3333333333333333, 0.3333333333333333]"
"Hole Cards: ['Qc', '3c'], Flop Cards: , Turn Card: , River Card:  Actions: :::","[0.2, 0.2, 0.2, 0.2, 0.2]"
"Hole Cards: ['5d', '9s'], Flop Cards: , Turn Card: , River Card:  Actions: :::","[0.0, 0.0, 0.0, 1.0, 0.0]"
"Hole Cards: ['5s', '7c'], Flop Cards: , Turn Card: , River Card:  Actions: 300:::","[0.3333333333333333, 0.3333333333333333, 0.3333333333333333]"
"Hole Cards: ['4s', 'Kh'], Flop Cards: , Turn Card: , River Card:  Actions: :::","[0.2, 0.2, 0.2, 0.2, 0.2]"
"Hole Cards: ['8c', 'Qh'], Flop Cards: , Turn Card: , River Card:  Actions: :::","[0.0, 0.0, 0.5, 0.0, 0.5]"
"Hole Cards: ['2s', '3c'], Flop Cards: , Turn Card: , River Card:  Actions: 200:::","[0.25, 0.25, 0.25, 0.25]"
"Hole Cards: ['Jd', '4d'], Flop Cards: , Turn Card: , River Card:  Actions: :::","[0.2, 0.2, 0.2, 0.2, 0.2]"
"Hole Cards: ['6h', '4d'], Flop Cards: , Turn Card: , River Card:  Actions: :::","[0.0, 0.0, 0.0, 1.0, 0.0]"
"Hole Cards: ['Ac', '3c'], Flop Cards: , Turn Card: , River Card:  Actions: 300:::","[0.3333333333333333, 0.3333333333333333, 0.3333333333333333]"
"Hole Cards: ['7s', '9h'], Flop Cards: , Turn Card: , River Card:  Actions: :::","[0.2, 0.2, 0.2, 0.2, 0.2]"
"Hole Cards: ['4c', 'Js'], Flop Cards: , Turn Card: , River Card:  Actions: :::","[0.0, 0.0, 0.0, 0.0, 1.0]"
"Hole Cards: ['Qd', '5h'], Flop Cards: , Turn Card: , River Card:  Actions: 400:::","[0.5, 0.5]"
"Hole Cards: ['Ac', 'Jd'], Flop Cards: , Turn Card: , River Card:  Actions: :::","[0.2, 0.2, 0.2, 0.2, 0.2]"
"Hole Cards: ['As', '4s'], Flop Cards: , Turn Card: , River Card:  Actions: :::","[0.0, 0.0, 0.0, 1.0, 0.0]"
"Hole Cards: ['Ts', '3d'], Flop Cards: , Turn Card: , River Card:  Actions: 300:::","[0.3333333333333333, 0.3333333333333333, 0.3333333333333333]"
"Hole Cards: ['5c', '3c'], Flop Cards: , Turn Card: , River Card:  Actions: :::","[0.2, 0.2, 0.2, 0.2, 0.2]"
"Hole Cards: ['2s', '7d'], Flop Cards: , Turn Card: , River Card:  Actions: :::","[0.0, 0.0, 0.0, 0.0, 1.0]"
"Hole Cards: ['6h', '9s'], Flop Cards: , Turn Card: , River Card:  Actions: 400:::","[0.5, 0.5]"
"Hole Cards: ['6c', '7d'], Flop Cards: , Turn Card: , River Card:  Actions: :::","[0.2, 0.2, 0.2, 0.2, 0.2]"
"Hole Cards: ['Kc', '9d'], Flop Cards: , Turn Card: , River Card:  Actions: :::","[1.0, 0.0, 0.0, 0.0, 0.0]"
"Hole Cards: ['Qh', '6c'], Flop Cards: , Turn Card: , River Card:  Actions: :::","[0.2, 0.2, 0.2, 0.2, 0.2]"
"Hole Cards: ['Kd', 'Qs'], Flop Cards: , Turn Card: , River Card:  Actions: :::","[0.0, 0.0, 1.0, 0.0, 0.0]"
"Hole Cards: ['6s', '6d'], Flop Cards: , Turn Card: , River Card:  Actions: 200:::","[0.25, 0.25, 0.25, 0.25]"
"Hole Cards: ['As', '4d'], Flop Cards: , Turn Card: , River Card:  Actions: :::","[0.2, 0.2, 0.2, 0.2, 0.2]"
"Hole Cards: ['Ac', '4d'], Flop Cards: , Turn Card: , River Card:  Actions: :::","[1.0, 0.0, 0.0, 0.0, 0.0]"
"Hole Cards: ['As', 'Th'], Flop Cards: , Turn Card: , River Card:  Actions: :::","[0.2, 0.2, 0.2, 0.2, 0.2]"
"Hole Cards: ['7h', '9d'], Flop Cards: , Turn Card: , River Card:  Actions: :::","[0.0, 1.0, 0.0, 0.0, 0.0]"
"Hole Cards: ['7h', '9d'], Flop Cards: ['Qh', '2d', '2s'], Turn Card: , River Card:  Actions: 100:::","[0.0, 0.0, 1.0, 0.0]"
"Hole Cards: ['As', '5d'], Flop Cards: ['Qh', '2d', '2s'], Turn Card: , River Card:  Actions: 100:200::","[0.3333333333333333, 0.3333333333333333, 0.3333333333333333]"
"Hole Cards: ['Qc', '2h'], Flop Cards: , Turn Card: , River Card:  Actions: :::","[0.2, 0.2, 0.2, 0.2, 0.2]"
"Hole Cards: ['Jd', 'Js'], Flop Cards: , Turn Card: , River Card:  Actions: :::","[0.0, 1.0, 0.0, 0.0, 0.0]"
"Hole Cards: ['Jd', 'Js'], Flop Cards: ['3h', '9d', '6d'], Turn Card: , River Card:  Actions: 100:::","[1.0, 0.0, 0.0, 0.0]"
"Hole Cards: ['Th', '9h'], Flop Cards: ['3h', '9d', '6d'], Turn Card: , River Card:  Actions: 100:0::","[0.25, 0.25, 0.25, 0.25]"
"Hole Cards: ['Jd', 'Js'], Flop Cards: ['3h', '9d', '6d'], Turn Card: Td, River Card:  Actions: 100:0,0::","[0.0, 0.0, 0.0, 1.0]"
"Hole Cards: ['Th', '9h'], Flop Cards: ['3h', '9d', '6d'], Turn Card: Td, River Card:  Actions: 100:0,0:300:","[0.5, 0.5]"
"Hole Cards: ['Ks', '8d'], Flop Cards: , Turn Card: , River Card:  Actions: :::","[1.0, 0.0, 0.0, 0.0, 0.0]"
"Hole Cards: ['Kd', '6s'], Flop Cards: , Turn Card: , River Card:  Actions: :::","[0.0, 0.0, 0.0, 0.0, 1.0]"
"Hole Cards: ['2c', 'Ac'], Flop Cards: , Turn Card: , River Card:  Actions: 400:::","[0.5, 0.5]"
"Hole Cards: ['9h', 'Ah'], Flop Cards: , Turn Card: , River Card:  Actions: :::","[0.2, 0.2, 0.2, 0.2, 0.2]"
"Hole Cards: ['Kc', 'As'], Flop Cards: , Turn Card: , River Card:  Actions: :::","[0.0, 1.0, 0.0, 0.0, 0.0]"
"Hole Cards: ['Kc', 'As'], Flop Cards: ['Ah', 'Qd', '4d'], Turn Card: , River Card:  Actions: 100:::","[0.0, 0.0, 0.0, 1.0]"
"Hole Cards: ['9h', 'Td'], Flop Cards: ['Ah', 'Qd', '4d'], Turn Card: , River Card:  Actions: 100:300::","[0.5, 0.5]"
"Hole Cards: ['9h', '4c'], Flop Cards: , Turn Card: , River Card:  Actions: :::","[0.2, 0.2, 0.2, 0.2, 0.2]"
"Hole Cards: ['3h', 'Kc'], Flop Cards: , Turn Card: , River Card:  Actions: :::","[1.0, 0.0, 0.0, 0.0, 0.0]"
"Hole Cards: ['9s', '7h'], Flop Cards: , Turn Card: , River Card:  Actions: :::","[0.2, 0.2, 0.2, 0.2, 0.2]"
"Hole Cards: ['Td', '6d'], Flop Cards: , Turn Card: , River Card:  Actions: :::","[0.0, 0.0, 0.0, 0.0, 1.0]"
"Hole Cards: ['Ah', 'Ts'], Flop Cards: , Turn Card: , River Card:  Actions: 400:::","[0.5, 0.5]"
"Hole Cards: ['Th', 'Ad'], Flop Cards: , Turn Card: , River Card:  Actions: :::","[0.2, 0.2, 0.2, 0.2, 0.2]"
"Hole Cards: ['Ah', '2s'], Flop Cards: , Turn Card: , River Card:  Actions: :::","[0.2, 0.2, 0.2, 0.2, 0.2]"
"Hole Cards: ['7h', '4s'], Flop Cards: , Turn Card: , River Card:  Actions: :::","[0.0, 0.0, 0.0, 0.0, 1.0]"
"Hole Cards: ['Th', 'Kc'], Flop Cards: , Turn Card: , River Card:  Actions: 400:::","[0.5, 0.5]"
"Hole Cards: ['7h', '2d'], Flop Cards: , Turn Card: , River Card:  Actions: :::","[0.0, 0.0, 0.0, 1.0, 0.0]"
"Hole Cards: ['9s', '3c'], Flop Cards: , Turn Card: , River Card:  Actions: 300:::","[0.3333333333333333, 0.3333333333333333, 0.3333333333333333]"
"Hole Cards: ['6h', 'Ks'], Flop Cards: , Turn Card: , River Card:  Actions: :::","[0.2, 0.2, 0.2, 0.2, 0.2]"
"Hole Cards: ['Qs', '6c'], Flop Cards: , Turn Card: , River Card:  Actions: :::","[0.0, 0.0, 0.0, 0.0, 1.0]"
"Hole Cards: ['2s', '3h'], Flop Cards: , Turn Card: , River Card:  Actions: 400:::","[0.5, 0.5]"
"Hole Cards: ['Ad', '8d'], Flop Cards: , Turn Card: , River Card:  Actions: :::","[0.2, 0.2, 0.2, 0.2, 0.2]"
"Hole Cards: ['9h', 'Td'], Flop Cards: , Turn Card: , River Card:  Actions: :::","[0.0, 1.0, 0.0, 0.0, 0.0]"
"Hole Cards: ['9h', 'Td'], Flop Cards: ['Kh', 'Qs', 'Ad'], Turn Card: , River Card:  Actions: 100:::","[1.0, 0.0, 0.0, 0.0]"
"Hole Cards: ['6c', '9c'], Flop Cards: ['Kh', 'Qs', 'Ad'], Turn Card: , River Card:  Actions: 100:0::","[0.25, 0.25, 0.25, 0.25]"
"Hole Cards: ['9h', 'Td'], Flop Cards: ['Kh', 'Qs', 'Ad'], Turn Card: 3s, River Card:  Actions: 100:0,0::","[0.0, 1.0, 0.0, 0.0]"
"Hole Cards: ['6c', '9c'], Flop Cards: ['Kh', 'Qs', 'Ad'], Turn Card: 3s, River Card:  Actions: 100:0,0:100:","[0.25, 0.25, 0.25, 0.25]"
"Hole Cards: ['5c', 'Tc'], Flop Cards: , Turn Card: , River Card:  Actions: :::","[0.2, 0.2, 0.2, 0.2, 0.2]"
"Hole Cards: ['2s', '3s'], Flop Cards: , Turn Card: , River Card:  Actions: :::","[0.2, 0.2, 0.2, 0.2, 0.2]"
"Hole Cards: ['7d', '6d'], Flop Cards: , Turn Card: , River Card:  Actions: :::","[0.0, 0.0, 0.0, 1.0, 0.0]"
"Hole Cards: ['2s', '6s'], Flop Cards: , Turn Card: , River Card:  Actions: 300:::","[0.3333333333333333, 0.3333333333333333, 0.3333333333333333]"
"Hole Cards: ['Qc', 'Ah'], Flop Cards: , Turn Card: , River Card:  Actions: :::","[0.2, 0.2, 0.2, 0.2, 0.2]"
"Hole Cards: ['4s', 'Qh'], Flop Cards: , Turn Card: , River Card:  Actions: :::","[0.0, 0.0, 0.0, 0.0, 1.0]"
"Hole Cards: ['Ts', 'Ks'], Flop Cards: , Turn Card: , River Card:  Actions: 400:::","[0.5, 0.5]"
"Hole Cards: ['Qc', '7d'], Flop Cards: , Turn Card: , River Card:  Actions: :::","[1.0, 0.0, 0.0, 0.0, 0.0]"
"Hole Cards: ['6h', '3h'], Flop Cards: , Turn Card: , River Card:  Actions: :::","[1.0, 0.0, 0.0, 0.0, 0.0]"
"Hole Cards: ['6c', '5h'], Flop Cards: , Turn Card: , River Card:  Actions: :::","[0.2, 0.2, 0.2, 0.2, 0.2]"
"Hole Cards: ['4d', '5s'], Flop Cards: , Turn Card: , River Card:  Actions: :::","[0.0, 0.0, 0.0, 0.0, 1.0]"
"Hole Cards: ['4s', 'Td'], Flop Cards: , Turn Card: , River Card:  Actions: 400:::","[0.5, 0.5]"
"Hole Cards: ['Kh', '7d'], Flop Cards: , Turn Card: , River Card:  Actions: :::","[0.2, 0.2, 0.2, 0.2, 0.2]"
"Hole Cards: ['3s', 'Qd'], Flop Cards: , Turn Card: , River Card:  Actions: :::","[0.0, 0.0, 0.0, 0.0, 1.0]"
"Hole Cards: ['Jh', '7c'], Flop Cards: , Turn Card: , River Card:  Actions: 400:::","[0.5, 0.5]"
"Hole Cards: ['9h', '8d'], Flop Cards: , Turn Card: , River Card:  Actions: :::","[0.2, 0.2, 0.2, 0.2, 0.2]"
"Hole Cards: ['4h', '7c'], Flop Cards: , Turn Card: , River Card:  Actions: :::","[0.0, 0.0, 0.0, 1.0, 0.0]"
"Hole Cards: ['8c', '4s'], Flop Cards: , Turn Card: , River Card:  Actions: 300:::","[0.3333333333333333, 0.3333333333333333, 0.3333333333333333]"
"Hole Cards: ['Kd', '2c'], Flop Cards: , Turn Card: , River Card:  Actions: :::","[0.2, 0.2, 0.2, 0.2, 0.2]"
"Hole Cards: ['9d', '4c'], Flop Cards: , Turn Card: , River Card:  Actions: :::","[0.0, 0.0, 1.0, 0.0, 0.0]"
"Hole Cards: ['8d', 'Ad'], Flop Cards: , Turn Card: , River Card:  Actions: 200:::","[0.25, 0.25, 0.25, 0.25]"
"Hole Cards: ['9c', '5s'], Flop Cards: , Turn Card: , River Card:  Actions: :::","[0.2, 0.2, 0.2, 0.2, 0.2]"
"Hole Cards: ['8h', 'Jh'], Flop Cards: , Turn Card: , River Card:  Actions: :::","[0.0, 0.0, 1.0, 0.0, 0.0]"
"Hole Cards: ['6s', '3d'], Flop Cards: , Turn Card: , River Card:  Actions: 200:::","[0.25, 0.25, 0.25, 0.25]"
"Hole Cards: ['8c', '7h'], Flop Cards: , Turn Card: , River Card:  Actions: :::","[0.2, 0.2, 0.2, 0.2, 0.2]"
"Hole Cards: ['Ah', 'Jc'], Flop Cards: , Turn Card: , River Card:  Actions: :::","[0.0, 0.0, 0.0, 0.0, 1.0]"
"Hole Cards: ['Ad', '3s'], Flop Cards: , Turn Card: , River Card:  Actions: 400:::","[0.5, 0.5]"
"Hole Cards: ['5c', 'Th'], Flop Cards: , Turn Card: , River Card:  Actions: :::","[0.2, 0.2, 0.2, 0.2, 0.2]"
"Hole Cards: ['8h', '5c'], Flop Cards: , Turn Card: , River Card:  Actions: :::","[0.0, 0.0, 1.0, 0.0, 0.0]"
"Hole Cards: ['Qh', '2d'], Flop Cards: , Turn Card: , River Card:  Actions: 200:::","[0.25, 0.25, 0.25, 0.25]"
"Hole Cards: ['8h', '4c'], Flop Cards: , Turn Card: , River Card:  Actions: :::","[0.2, 0.2, 0.2, 0.2, 0.2]"
"Hole Cards: ['Tc', '7s'], Flop Cards: , Turn Card: , River Card:  Actions: :::","[0.2, 0.2, 0.2, 0.2, 0.2]"
"Hole Cards: ['6d', '6h'], Flop Cards: , Turn Card: , River Card:  Actions: :::","[0.0, 0.0, 1.0, 0.0, 0.0]"
"Hole Cards: ['Qh', 'Qd'], Flop Cards: , Turn Card: , River Card:  Actions: 200:::","[0.25, 0.25, 0.25, 0.25]"
"Hole Cards: ['Jh', '3s'], Flop Cards: , Turn Card: , River Card:  Actions: :::","[0.2, 0.2, 0.2, 0.2, 0.2]"
"Hole Cards: ['3c', '2d'], Flop Cards: , Turn Card: , River Card:  Actions: :::","[0.2, 0.2, 0.2, 0.2, 0.2]"
"Hole Cards: ['2c', '6h'], Flop Cards: , Turn Card: , River Card:  Actions: :::","[1.0, 0.0, 0.0, 0.0, 0.0]"
"Hole Cards: ['As', '4c'], Flop Cards: , Turn Card: , River Card:  Actions: :::","[0.2, 0.2, 0.2, 0.2, 0.2]"
"Hole Cards: ['9c', 'Qh'], Flop Cards: , Turn Card: , River Card:  Actions: :::","[0.0, 0.0, 0.0, 0.0, 1.0]"
"Hole Cards: ['2h', '7d'], Flop Cards: , Turn Card: , River Card:  Actions: 400:::","[0.5, 0.5]"
"Hole Cards: ['Kc', '9s'], Flop Cards: , Turn Card: , River Card:  Actions: :::","[0.2, 0.2, 0.2, 0.2, 0.2]"
"Hole Cards: ['Th', 'As'], Flop Cards: , Turn Card: , River Card:  Actions: :::","[1.0, 0.0, 0.0, 0.0, 0.0]"
"Hole Cards: ['4d', '6s'], Flop Cards: , Turn Card: , River Card:  Actions: :::","[0.0, 1.0, 0.0, 0.0, 0.0]"
"Hole Cards: ['4d', '6s'], Flop Cards: ['Qd', 'Ah', 'Qc'], Turn Card: , River Card:  Actions: 100:::","[0.0, 0.0, 0.0, 1.0]"
"Hole Cards: ['6c', 'Qs'], Flop Cards: ['Qd', 'Ah', 'Qc'], Turn Card: , River Card:  Actions: 100:300::","[0.5, 0.5]"
"Hole Cards: ['2h', '9s'], Flop Cards: , Turn Card: , River Card:  Actions: :::","[0.2, 0.2, 0.2, 0.2, 0.2]"
"Hole Cards: ['4c', 'Tc'], Flop Cards: , Turn Card: , River Card:  Actions: 400:::","[0.5, 0.5]"
"Hole Cards: ['Ah', '4d'], Flop Cards: , Turn Card: , River Card:  Actions: :::","[0.2, 0.2, 0.2, 0.2, 0.2]"
"Hole Cards: ['Kc', '8d'], Flop Cards: , Turn Card: , River Card:  Actions: :::","[0.0, 0.0, 0.0, 0.0, 1.0]"
"Hole Cards: ['Ac', '3h'], Flop Cards: , Turn Card: , River Card:  Actions: 400:::","[0.5, 0.5]"
"Hole Cards: ['Kc', '4s'], Flop Cards: , Turn Card: , River Card:  Actions: :::","[0.2, 0.2, 0.2, 0.2, 0.2]"
"Hole Cards: ['Ah', 'Kh'], Flop Cards: , Turn Card: , River Card:  Actions: :::","[0.0, 0.0, 0.0, 0.0, 1.0]"
"Hole Cards: ['7c', '3h'], Flop Cards: , Turn Card: , River Card:  Actions: 400:::","[0.5, 0.5]"
"Hole Cards: ['8h', 'Ts'], Flop Cards: , Turn Card: , River Card:  Actions: :::","[0.2, 0.2, 0.2, 0.2, 0.2]"
"Hole Cards: ['Tc', '5d'], Flop Cards: , Turn Card: , River Card:  Actions: :::","[0.0, 0.0, 1.0, 0.0, 0.0]"
"Hole Cards: ['5h', '7h'], Flop Cards: , Turn Card: , River Card:  Actions: 200:::","[0.25, 0.25, 0.25, 0.25]"
"Hole Cards: ['5s', 'Ks'], Flop Cards: , Turn Card: , River Card:  Actions: :::","[0.2, 0.2, 0.2, 0.2, 0.2]"
"Hole Cards: ['Ts', '5h'], Flop Cards: , Turn Card: , River Card:  Actions: :::","[0.0, 0.0, 0.0, 0.0, 1.0]"
"Hole Cards: ['3s', 'Jd'], Flop Cards: , Turn Card: , River Card:  Actions: 400:::","[0.5, 0.5]"
"Hole Cards: ['Jc', '5d'], Flop Cards: , Turn Card: , River Card:  Actions: :::","[0.2, 0.2, 0.2, 0.2, 0.2]"
"Hole Cards: ['4h', '9s'], Flop Cards: , Turn Card: , River Card:  Actions: :::","[0.0, 0.0, 0.0, 0.0, 1.0]"
"Hole Cards: ['2c', '7d'], Flop Cards: , Turn Card: , River Card:  Actions: 400:::","[0.5, 0.5]"
"Hole Cards: ['4h', '6d'], Flop Cards: , Turn Card: , River Card:  Actions: :::","[0.2, 0.2, 0.2, 0.2, 0.2]"
"Hole Cards: ['6s', '6d'], Flop Cards: , Turn Card: , River Card:  Actions: :::","[0.0, 1.0, 0.0, 0.0, 0.0]"
"Hole Cards: ['6s', '6d'], Flop Cards: ['9c', '7s', '9s'], Turn Card: , River Card:  Actions: 100:::","[0.0, 0.0, 1.0, 0.0]"
"Hole Cards: ['5d', '4h'], Flop Cards: ['9c', '7s', '9s'], Turn Card: , River Card:  Actions: 100:200::","[0.3333333333333333, 0.3333333333333333, 0.3333333333333333]"
"Hole Cards: ['4d', '4c'], Flop Cards: , Turn Card: , River Card:  Actions: :::","[0.2, 0.2, 0.2, 0.2, 0.2]"
"Hole Cards: ['3d', '4c'], Flop Cards: , Turn Card: , River Card:  Actions: :::","[0.0, 0.0, 0.0, 0.0, 1.0]"
"Hole Cards: ['5h', 'Jd'], Flop Cards: , Turn Card: , River Card:  Actions: 400:::","[0.5, 0.5]"
"Hole Cards: ['2h', '3h'], Flop Cards: , Turn Card: , River Card:  Actions: :::","[0.2, 0.2, 0.2, 0.2, 0.2]"
"Hole Cards: ['7h', 'Jd'], Flop Cards: , Turn Card: , River Card:  Actions: :::","[0.0, 0.0, 1.0, 0.0, 0.0]"
"Hole Cards: ['Qh', 'Jc'], Flop Cards: , Turn Card: , River Card:  Actions: 200:::","[0.25, 0.25, 0.25, 0.25]"
"Hole Cards: ['8d', '3d'], Flop Cards: , Turn Card: , River Card:  Actions: :::","[0.2, 0.2, 0.2, 0.2, 0.2]"
"Hole Cards: ['3d', '8s'], Flop Cards: , Turn Card: , River Card:  Actions: :::","[0.0, 0.0, 1.0, 0.0, 0.0]"
"Hole Cards: ['Th', 'Ad'], Flop Cards: , Turn Card: , River Card:  Actions: 200:::","[0.25, 0.25, 0.25, 0.25]"
"Hole Cards: ['8h', '5d'], Flop Cards: , Turn Card: , River Card:  Actions: :::","[0.2, 0.2, 0.2, 0.2, 0.2]"
"Hole Cards: ['8c', 'Jh'], Flop Cards: , Turn Card: , River Card:  Actions: :::","[0.0, 1.0, 0.0, 0.0, 0.0]"
"Hole Cards: ['8c', 'Jh'], Flop Cards: ['7d', '7c', '4h'], Turn Card: , River Card:  Actions: 100:::","[0.0, 0.0, 1.0, 0.0]"
"Hole Cards: ['7h', '8s'], Flop Cards: ['7d', '7c', '4h'], Turn Card: , River Card:  Actions: 100:200::","[0.3333333333333333, 0.3333333333333333, 0.3333333333333333]"
"Hole Cards: ['Kh', 'Ad'], Flop Cards: , Turn Card: , River Card:  Actions: :::","[0.2, 0.2, 0.2, 0.2, 0.2]"
"Hole Cards: ['Td', '4h'], Flop Cards: , Turn Card: , River Card:  Actions: :::","[0.0, 1.0, 0.0, 0.0, 0.0]"
"Hole Cards: ['Td', '4h'], Flop Cards: ['Qd', 'Qh', '7d'], Turn Card: , River Card:  Actions: 100:::","[1.0, 0.0, 0.0, 0.0]"
"Hole Cards: ['3d', 'Tc'], Flop Cards: ['Qd', 'Qh', '7d'], Turn Card: , River Card:  Actions: 100:0::","[0.25, 0.25, 0.25, 0.25]"
"Hole Cards: ['Td', '4h'], Flop Cards: ['Qd', 'Qh', '7d'], Turn Card: 8h, River Card:  Actions: 100:0,0::","[0.0, 0.0, 0.0, 1.0]"
"Hole Cards: ['3d', 'Tc'], Flop Cards: ['Qd', 'Qh', '7d'], Turn Card: 8h, River Card:  Actions: 100:0,0:300:","[0.5, 0.5]"
"Hole Cards: ['7d', 'Ad'], Flop Cards: , Turn Card: , River Card:  Actions: :::","[0.2, 0.2, 0.2, 0.2, 0.2]"
"Hole Cards: ['4h', 'Kc'], Flop Cards: , Turn Card: , River Card:  Actions: :::","[0.0, 0.0, 0.0, 0.0, 1.0]"
"Hole Cards: ['Qc', '9h'], Flop Cards: , Turn Card: , River Card:  Actions: 400:::","[0.5, 0.5]"
"Hole Cards: ['8d', '2h'], Flop Cards: , Turn Card: , River Card:  Actions: :::","[0.2, 0.2, 0.2, 0.2, 0.2]"
"Hole Cards: ['8c', '5s'], Flop Cards: , Turn Card: , River Card:  Actions: :::","[0.0, 0.0, 0.0, 1.0, 0.0]"
"Hole Cards: ['Tc', '8d'], Flop Cards: , Turn Card: , River Card:  Actions: 300:::","[0.3333333333333333, 0.3333333333333333, 0.3333333333333333]"
"Hole Cards: ['Ah', '3h'], Flop Cards: , Turn Card: , River Card:  Actions: :::","[0.2, 0.2, 0.2, 0.2, 0.2]"
"Hole Cards: ['Ac', '3d'], Flop Cards: , Turn Card: , River Card:  Actions: :::","[1.0, 0.0, 0.0, 0.0, 0.0]"
"Hole Cards: ['8s', 'Qh'], Flop Cards: , Turn Card: , River Card:  Actions: :::","[0.2, 0.2, 0.2, 0.2, 0.2]"
"Hole Cards: ['Qd', 'Jd'], Flop Cards: , Turn Card: , River Card:  Actions: :::","[0.0, 0.0, 0.0, 1.0, 0.0]"
"Hole Cards: ['2h', 'Jh'], Flop Cards: , Turn Card: , River Card:  Actions: 300:::","[0.3333333333333333, 0.3333333333333333, 0.3333333333333333]"
"Hole Cards: ['Kc', '4h'], Flop Cards: , Turn Card: , River Card:  Actions: :::","[0.2, 0.2, 0.2, 0.2, 0.2]"
"Hole Cards: ['7c', '8c'], Flop Cards: , Turn Card: , River Card:  Actions: :::","[0.0, 0.0, 0.0, 1.0, 0.0]"
"Hole Cards: ['6s', 'Ts'], Flop Cards: , Turn Card: , River Card:  Actions: 300:::","[0.3333333333333333, 0.3333333333333333, 0.3333333333333333]"
"Hole Cards: ['7h', '7s'], Flop Cards: , Turn Card: , River Card:  Actions: :::","[0.2, 0.2, 0.2, 0.2, 0.2]"
"Hole Cards: ['3d', '9d'], Flop Cards: , Turn Card: , River Card:  Actions: :::","[0.0, 0.0, 0.0, 1.0, 0.0]"
"Hole Cards: ['6s', 'Jc'], Flop Cards: , Turn Card: , River Card:  Actions: 300:::","[0.3333333333333333, 0.3333333333333333, 0.3333333333333333]"
"Hole Cards: ['3h', '8h'], Flop Cards: , Turn Card: , River Card:  Actions: :::","[0.2, 0.2, 0.2, 0.2, 0.2]"
"Hole Cards: ['7d', '3c'], Flop Cards: , Turn Card: , River Card:  Actions: :::","[0.0, 0.0, 0.0, 1.0, 0.0]"
"Hole Cards: ['Qh', 'Tc'], Flop Cards: , Turn Card: , River Card:  Actions: 300:::","[0.3333333333333333, 0.3333333333333333, 0.3333333333333333]"
"Hole Cards: ['8h', '7d'], Flop Cards: , Turn Card: , River Card:  Actions: :::","[0.2, 0.2, 0.2, 0.2, 0.2]"
"Hole Cards: ['3s', '8d'], Flop Cards: , Turn Card: , River Card:  Actions: :::","[1.0, 0.0, 0.0, 0.0, 0.0]"
"Hole Cards: ['8d', 'Kd'], Flop Cards: , Turn Card: , River Card:  Actions: :::","[0.2, 0.2, 0.2, 0.2, 0.2]"
"Hole Cards: ['5c', 'Jc'], Flop Cards: , Turn Card: , River Card:  Actions: :::","[0.0, 0.0, 0.0, 1.0, 0.0]"
"Hole Cards: ['9c', 'Th'], Flop Cards: , Turn Card: , River Card:  Actions: 300:::","[0.3333333333333333, 0.3333333333333333, 0.3333333333333333]"
"Hole Cards: ['4c', '4h'], Flop Cards: , Turn Card: , River Card:  Actions: :::","[0.2, 0.2, 0.2, 0.2, 0.2]"
"Hole Cards: ['Tc', 'Ks'], Flop Cards: , Turn Card: , River Card:  Actions: :::","[0.0, 0.0, 1.0, 0.0, 0.0]"
"Hole Cards: ['8d', '7s'], Flop Cards: , Turn Card: , River Card:  Actions: 200:::","[0.25, 0.25, 0.25, 0.25]"
"Hole Cards: ['9s', '7s'], Flop Cards: , Turn Card: , River Card:  Actions: :::","[0.2, 0.2, 0.2, 0.2, 0.2]"
"Hole Cards: ['9h', 'Kd'], Flop Cards: , Turn Card: , River Card:  Actions: :::","[0.0, 1.0, 0.0, 0.0, 0.0]"
"Hole Cards: ['9h', 'Kd'], Flop Cards: ['Th', '9d', '9c'], Turn Card: , River Card:  Actions: 100:::","[0.0, 1.0, 0.0, 0.0]"
"Hole Cards: ['Qs', '3h'], Flop Cards: ['Th', '9d', '9c'], Turn Card: , River Card:  Actions: 100:100::","[0.25, 0.25, 0.25, 0.25]"
"Hole Cards: ['7s', 'Kd'], Flop Cards: , Turn Card: , River Card:  Actions: :::","[0.2, 0.2, 0.2, 0.2, 0.2]"
"Hole Cards: ['7c', '3d'], Flop Cards: , Turn Card: , River Card:  Actions: :::","[0.0, 0.0, 1.0, 0.0, 0.0]"
"Hole Cards: ['7h', 'As'], Flop Cards: , Turn Card: , River Card:  Actions: 200:::","[0.25, 0.25, 0.25, 0.25]"
"Hole Cards: ['5c', '3d'], Flop Cards: , Turn Card: , River Card:  Actions: :::","[0.2, 0.2, 0.2, 0.2, 0.2]"
"Hole Cards: ['Ah', '7d'], Flop Cards: , Turn Card: , River Card:  Actions: :::","[0.0, 0.0, 0.0, 1.0, 0.0]"
"Hole Cards: ['Qs', 'Kc'], Flop Cards: , Turn Card: , River Card:  Actions: 300:::","[0.3333333333333333, 0.3333333333333333, 0.3333333333333333]"
"Hole Cards: ['6s', '8s'], Flop Cards: , Turn Card: , River Card:  Actions: :::","[0.2, 0.2, 0.2, 0.2, 0.2]"
"Hole Cards: ['8s', '2c'], Flop Cards: , Turn Card: , River Card:  Actions: :::","[0.0, 1.0, 0.0, 0.0, 0.0]"
"Hole Cards: ['8s', '2c'], Flop Cards: ['8h', '4s', 'Th'], Turn Card: , River Card:  Actions: 100:::","[0.0, 0.0, 0.0, 1.0]"
"Hole Cards: ['6h', '7s'], Flop Cards: ['8h', '4s', 'Th'], Turn Card: , River Card:  Actions: 100:300::","[0.5, 0.5]"
"Hole Cards: ['5c', '6d'], Flop Cards: , Turn Card: , River Card:  Actions: :::","[0.2, 0.2, 0.2, 0.2, 0.2]"
"Hole Cards: ['9d', '5h'], Flop Cards: , Turn Card: , River Card:  Actions: :::","[1.0, 0.0, 0.0, 0.0, 0.0]"
"Hole Cards: ['8h', 'Kd'], Flop Cards: , Turn Card: , River Card:  Actions: :::","[0.2, 0.2, 0.2, 0.2, 0.2]"
"Hole Cards: ['Ad', 'Tc'], Flop Cards: , Turn Card: , River Card:  Actions: :::","[0.0, 0.0, 0.0, 0.0, 1.0]"
"Hole Cards: ['6h', '7d'], Flop Cards: , Turn Card: , River Card:  Actions: 400:::","[0.5, 0.5]"
"Hole Cards: ['Th', '3c'], Flop Cards: , Turn Card: , River Card:  Actions: :::","[0.0, 0.0, 0.0, 1.0, 0.0]"
"Hole Cards: ['7h', 'Qs'], Flop Cards: , Turn Card: , River Card:  Actions: 300:::","[0.3333333333333333, 0.3333333333333333, 0.3333333333333333]"
"Hole Cards: ['Tc', '5h'], Flop Cards: , Turn Card: , River Card:  Actions: :::","[0.2, 0.2, 0.2, 0.2, 0.2]"
"Hole Cards: ['Kh', '8c'], Flop Cards: , Turn Card: , River Card:  Actions: :::","[1.0, 0.0, 0.0, 0.0, 0.0]"
"Hole Cards: ['5h', '6s'], Flop Cards: , Turn Card: , River Card:  Actions: :::","[0.2, 0.2, 0.2, 0.2, 0.2]"
"Hole Cards: ['4h', '5d'], Flop Cards: , Turn Card: , River Card:  Actions: :::","[1.0, 0.0, 0.0, 0.0, 0.0]"
"Hole Cards: ['2s', '9h'], Flop Cards: , Turn Card: , River Card:  Actions: :::","[0.2, 0.2, 0.2, 0.2, 0.2]"
"Hole Cards: ['4h', '4d'], Flop Cards: , Turn Card: , River Card:  Actions: :::","[0.0, 0.0, 0.0, 1.0, 0.0]"
"Hole Cards: ['7c', 'Ks'], Flop Cards: , Turn Card: , River Card:  Actions: 300:::","[0.3333333333333333, 0.3333333333333333, 0.3333333333333333]"
"Hole Cards: ['6d', 'Qc'], Flop Cards: , Turn Card: , River Card:  Actions: :::","[0.2, 0.2, 0.2, 0.2, 0.2]"
"Hole Cards: ['8c', '4c'], Flop Cards: , Turn Card: , River Card:  Actions: :::","[0.0, 0.0, 1.0, 0.0, 0.0]"
"Hole Cards: ['3d', '6d'], Flop Cards: , Turn Card: , River Card:  Actions: 200:::","[0.25, 0.25, 0.25, 0.25]"
"Hole Cards: ['7d', 'Qh'], Flop Cards: , Turn Card: , River Card:  Actions: :::","[0.2, 0.2, 0.2, 0.2, 0.2]"
"Hole Cards: ['6s', 'Ad'], Flop Cards: , Turn Card: , River Card:  Actions: :::","[1.0, 0.0, 0.0, 0.0, 0.0]"
"Hole Cards: ['3c', '6c'], Flop Cards: , Turn Card: , River Card:  Actions: :::","[0.2, 0.2, 0.2, 0.2, 0.2]"
